NUM_OF_CORE,MORSEL_SIZE,cols,recSize,TimeTaken
16,2640,3,264,29.87500
16,29040,3,264,21.81250
16,55440,3,264,29.37500
